city,monthlyCoffeeSpend,income,young_share,adoption_signal,purchase_intention,premium_brand_share,online_share,premium_type_share,city_tier,cafe_density,income_index,competitor_count,ecommerce_pct,spending_score,city_strength_score,adoption_score,trend_score,market_entry_score,rank
Delhi,599.5414392303953,49694.22006480263,0.5436982520699172,0.6324626865671642,0.7051517939282429,0.38086476540938363,0.1453541858325667,0.0,1,74.9816047538945,108275.00072434708,33.29984854528513,76.97316968394074,1.0,0.7044196290835802,0.14608097238359113,0.5011690251166099,0.5879174066459454,1
Hyderabad,585.59477124183,48556.470588235294,0.5071895424836601,0.6235294117647059,0.6758169934640523,0.38562091503267976,0.15555555555555556,0.0,1,84.47411578889518,79882.28512282146,22.30361621338045,72.32723686587383,0.8726813515821014,0.6104675526913949,0.12532581895033468,0.5011690251166099,0.5274109370851101,2
Pune,571.1873350923482,50643.00791556728,0.49868073878627966,0.6068601583113457,0.6827176781002638,0.3575197889182058,0.14907651715039577,0.0,1,78.24279936868143,102481.15864875547,19.991844553958995,75.28468876827223,0.7411563666019512,0.6700643973490424,0.08659725404073128,0.5011690251166099,0.4997467607770837,3
Ahmedabad,580.5844155844156,50118.01948051948,0.5016233766233766,0.6055194805194806,0.6785714285714286,0.3717532467532468,0.1444805194805195,0.0,1,83.6965827544817,76625.76444519992,30.18862129753596,68.41048247374583,0.8269419885372518,0.5788219950197547,0.08348238587759563,0.5011690251166099,0.497603848637803,4
Bengaluru,560.6562193927522,49522.428991185116,0.4887365328109696,0.6235294117647059,0.683643486777669,0.3731635651322233,0.15670910871694418,0.0,1,84.04460046972835,99782.5402228616,15.51461235739506,84.39819704323989,0.6450181765837767,0.7141973491298418,0.12532581895033468,0.5011690251166099,0.49642759244514073,5
Chennai,573.6604361370717,48505.14018691589,0.5124610591900312,0.5809968847352025,0.6697819314641744,0.3629283489096573,0.1838006230529595,0.0,1,93.29770563201689,82431.86887373966,19.54562418017752,68.66809019706868,0.7637332202757633,0.6361481353793912,0.026507732199153172,0.5011690251166099,0.4818895282427294,6
Kolkata,554.6635367762128,47018.9358372457,0.5461658841940532,0.6181533646322379,0.6815336463223787,0.3427230046948357,0.15336463223787167,0.0,1,72.1696897183815,93366.47510712832,25.798625466052894,70.82458280396084,0.5903111847947139,0.6228273258947998,0.11283536213957077,0.5011690251166099,0.45678572448642357,7
Mumbai,558.9892051030422,48512.29326323508,0.4867517173699706,0.6123650637880275,0.689892051030422,0.3974484789008832,0.12463199214916584,0.0,1,66.24074561769746,80459.80821176709,16.452090304204987,82.3235229154987,0.6298000609425918,0.58191694340751,0.09938709430990818,0.5011690251166099,0.45306828094415497,8
Lucknow,582.3107569721116,50206.57370517928,0.5219123505976095,0.5976095617529881,0.6862549800796812,0.3466135458167331,0.1454183266932271,0.0,2,29.13841307520112,47441.8028501596,9.158097238609413,48.80304987479202,0.8427016991985747,0.22722258827515956,0.06510485006083462,0.5011690251166099,0.4090495406627947,9
Coimbatore,556.7581047381547,49650.3740648379,0.5461346633416458,0.6084788029925187,0.6920199501246883,0.3765586034912718,0.1371571072319202,0.0,2,48.18496824692568,67370.68376069122,8.381099809299766,58.437484700462335,0.6094324230827776,0.40657028627403946,0.0903579374916003,0.5011690251166099,0.4018824179912568,10
Kanpur,490.0,48826.8352365416,0.5,1.0,0.5,0.0,0.5,0.0,3,20.46,30397.05,2.09,37.01,0.0,0.08474896204086269,1.0,0.5011690251166099,0.39647949678936817,11
Bhopal,555.819397993311,49566.22073578595,0.5351170568561873,0.6354515050167224,0.6672240802675585,0.38461538461538464,0.14046822742474915,0.0,2,28.428035290621423,58567.40207895621,4.268318024772864,56.0439396150808,0.6008630017620542,0.2960656801987571,0.15302505357178628,0.5011690251166099,0.3877806901623019,12
Visakhapatnam,560.2448979591836,44913.87755102041,0.49795918367346936,0.636734693877551,0.6816326530612244,0.363265306122449,0.15510204081632653,0.0,2,43.13811040057837,46851.11629335226,6.226191556898454,42.317381190502594,0.6412632374807452,0.2359542620431708,0.15600635463766344,0.5011690251166099,0.38359821981954734,13
Jaipur,554.4320297951583,45941.340782122905,0.5288640595903166,0.62756052141527,0.6675977653631285,0.40409683426443205,0.16759776536312848,0.0,2,21.951547789558383,68722.13843133333,11.690688297671034,56.167946962329225,0.5881977655929853,0.3042575828839644,0.13469151083308237,0.5011690251166099,0.3820789711066605,14
Nagpur,568.6632390745501,47848.32904884319,0.506426735218509,0.5809768637532133,0.6670951156812339,0.4138817480719794,0.16709511568123395,0.0,2,36.40130838029839,49621.361388138175,11.726261649881026,55.502656467222295,0.71811398158737,0.27965072519381645,0.02646121638471128,0.5011690251166099,0.38134873707062694,15
Surat,563.0769230769231,47375.596816976125,0.5358090185676393,0.5702917771883289,0.6843501326259946,0.4376657824933687,0.17771883289124668,0.0,2,23.66114704534337,57379.42275278176,3.3094966900369656,58.186408041575646,0.6671166965701676,0.28505033869399976,0.0016359853237821913,0.5011690251166099,0.36374301142613985,16
Patna,559.5569620253165,50006.962025316454,0.43670886075949367,0.6075949367088608,0.6661392405063291,0.39556962025316456,0.14556962025316456,0.0,2,22.236519310393124,69672.17341501293,9.950202923669917,43.97431363068345,0.6349830941970676,0.21737298818510298,0.08830440385052689,0.5011690251166099,0.3604573778373268,17
Kochi,561.2371134020618,48588.9175257732,0.5335051546391752,0.5695876288659794,0.6701030927835051,0.4097938144329897,0.16494845360824742,0.0,2,31.660318690684463,51783.7257943474,10.458637582367365,47.135066533871786,0.6503211378502237,0.24808632261636854,0.0,0.5011690251166099,0.34989412139580056,18
Bhubaneswar,533.3454545454546,48660.0,0.48363636363636364,0.6509090909090909,0.6963636363636364,0.37454545454545457,0.21454545454545454,0.0,2,20.165663513708072,65386.53571137085,9.361716094628555,54.58014336081975,0.3956991513895243,0.2608599738102805,0.18893848666303756,0.5011690251166099,0.33666665924486305,19
Chandigarh,547.7513227513227,49654.2328042328,0.5264550264550265,0.58994708994709,0.6626984126984127,0.3915343915343915,0.13756613756613756,0.0,2,22.654775061557583,49899.57156047863,3.4070456001948424,46.50660661526528,0.5272098226667997,0.20554627274178963,0.047302220954915736,0.5011690251166099,0.32030683537002874,20
Indore,531.9240506329114,47461.012658227846,0.5443037974683544,0.579746835443038,0.6341772151898735,0.4430379746835443,0.1518987341772152,0.0,2,27.763399448000506,61563.05710884955,5.805399684804699,50.40136042355621,0.3827232043640926,0.2843462236213111,0.02360342605927387,0.5011690251166099,0.29796046979032187,21
Ranchi,490.0,48826.8352365416,1.0,,0.0,0.0,0.0,0.0,3,21.63,37692.93,2.0,23.44,0.0,0.2784266747358266,0.13242732784202058,0.5011690251166099,0.22800575692361427,22
